[{"model": "admin.logentry", "pk": 1, "fields": {"action_time": "2023-06-27T12:02:00.258Z", "user": 1, "content_type": 7, "object_id": "1", "object_repr": "NLP", "action_flag": 1, "change_message": "[{\"added\": {}}]"}}, {"model": "admin.logentry", "pk": 2, "fields": {"action_time": "2023-06-27T12:03:42.967Z", "user": 1, "content_type": 7, "object_id": "2", "object_repr": "AI Psychology", "action_flag": 1, "change_message": "[{\"added\": {}}]"}}, {"model": "admin.logentry", "pk": 3, "fields": {"action_time": "2023-06-27T12:04:17.847Z", "user": 1, "content_type": 7, "object_id": "3", "object_repr": "openai", "action_flag": 1, "change_message": "[{\"added\": {}}]"}}, {"model": "admin.logentry", "pk": 4, "fields": {"action_time": "2023-06-27T12:36:33.004Z", "user": 1, "content_type": 8, "object_id": "1", "object_repr": "chatgpt", "action_flag": 1, "change_message": "[{\"added\": {}}]"}}, {"model": "admin.logentry", "pk": 5, "fields": {"action_time": "2023-06-27T12:36:48.213Z", "user": 1, "content_type": 7, "object_id": "1", "object_repr": "NLP", "action_flag": 2, "change_message": "[{\"changed\": {\"fields\": [\"Host\", \"Topic\"]}}]"}}, {"model": "admin.logentry", "pk": 6, "fields": {"action_time": "2023-06-27T12:36:56.955Z", "user": 1, "content_type": 7, "object_id": "3", "object_repr": "openai", "action_flag": 2, "change_message": "[{\"changed\": {\"fields\": [\"Host\", \"Topic\"]}}]"}}, {"model": "admin.logentry", "pk": 7, "fields": {"action_time": "2023-06-27T12:37:14.721Z", "user": 1, "content_type": 8, "object_id": "2", "object_repr": "Repo", "action_flag": 1, "change_message": "[{\"added\": {}}]"}}, {"model": "admin.logentry", "pk": 8, "fields": {"action_time": "2023-06-27T12:37:27.163Z", "user": 1, "content_type": 7, "object_id": "2", "object_repr": "AI Psychology", "action_flag": 2, "change_message": "[{\"changed\": {\"fields\": [\"Host\", \"Topic\"]}}]"}}, {"model": "admin.logentry", "pk": 9, "fields": {"action_time": "2023-06-27T12:38:06.028Z", "user": 1, "content_type": 4, "object_id": "2", "object_repr": "TIM", "action_flag": 1, "change_message": "[{\"added\": {}}]"}}, {"model": "admin.logentry", "pk": 10, "fields": {"action_time": "2023-06-27T12:38:19.716Z", "user": 1, "content_type": 4, "object_id": "2", "object_repr": "TIM", "action_flag": 2, "change_message": "[]"}}, {"model": "admin.logentry", "pk": 11, "fields": {"action_time": "2023-06-27T12:38:40.847Z", "user": 1, "content_type": 9, "object_id": "1", "object_repr": "hey", "action_flag": 1, "change_message": "[{\"added\": {}}]"}}, {"model": "admin.logentry", "pk": 12, "fields": {"action_time": "2023-06-27T12:38:47.191Z", "user": 1, "content_type": 9, "object_id": "2", "object_repr": "hi", "action_flag": 1, "change_message": "[{\"added\": {}}]"}}, {"model": "admin.logentry", "pk": 13, "fields": {"action_time": "2023-06-27T13:02:25.509Z", "user": 1, "content_type": 8, "object_id": "3", "object_repr": "Django", "action_flag": 1, "change_message": "[{\"added\": {}}]"}}, {"model": "admin.logentry", "pk": 14, "fields": {"action_time": "2023-06-27T13:02:40.228Z", "user": 1, "content_type": 8, "object_id": "4", "object_repr": "aws", "action_flag": 1, "change_message": "[{\"added\": {}}]"}}, {"model": "admin.logentry", "pk": 15, "fields": {"action_time": "2023-06-28T12:41:17.837Z", "user": 1, "content_type": 7, "object_id": "1", "object_repr": "NLP", "action_flag": 2, "change_message": "[{\"changed\": {\"fields\": [\"Participants\"]}}]"}}, {"model": "admin.logentry", "pk": 16, "fields": {"action_time": "2023-06-29T13:56:39.857Z", "user": 1, "content_type": 7, "object_id": "7", "object_repr": "Study with me!!!!", "action_flag": 3, "change_message": ""}}, {"model": "admin.logentry", "pk": 17, "fields": {"action_time": "2023-06-29T13:56:48.426Z", "user": 1, "content_type": 7, "object_id": "6", "object_repr": "Study with me!!!!", "action_flag": 3, "change_message": ""}}, {"model": "admin.logentry", "pk": 18, "fields": {"action_time": "2023-06-29T14:08:11.496Z", "user": 1, "content_type": 7, "object_id": "9", "object_repr": "new_room", "action_flag": 2, "change_message": "[{\"changed\": {\"fields\": [\"Host\"]}}]"}}, {"model": "admin.logentry", "pk": 19, "fields": {"action_time": "2023-06-29T14:08:20.190Z", "user": 1, "content_type": 7, "object_id": "10", "object_repr": "new_room1", "action_flag": 2, "change_message": "[{\"changed\": {\"fields\": [\"Host\"]}}]"}}, {"model": "admin.logentry", "pk": 20, "fields": {"action_time": "2023-06-29T14:17:07.931Z", "user": 1, "content_type": 7, "object_id": "9", "object_repr": "new_room", "action_flag": 3, "change_message": ""}}, {"model": "admin.logentry", "pk": 21, "fields": {"action_time": "2023-06-29T14:17:16.824Z", "user": 1, "content_type": 7, "object_id": "10", "object_repr": "new_room1", "action_flag": 3, "change_message": ""}}, {"model": "admin.logentry", "pk": 22, "fields": {"action_time": "2023-06-29T14:36:46.674Z", "user": 1, "content_type": 7, "object_id": "8", "object_repr": "learn with me", "action_flag": 2, "change_message": "[{\"changed\": {\"fields\": [\"Host\"]}}]"}}, {"model": "admin.logentry", "pk": 23, "fields": {"action_time": "2023-06-30T17:58:33.895Z", "user": 1, "content_type": 4, "object_id": "2", "object_repr": "TIM", "action_flag": 2, "change_message": "[{\"changed\": {\"fields\": [\"password\"]}}]"}}, {"model": "admin.logentry", "pk": 24, "fields": {"action_time": "2023-06-30T17:59:34.063Z", "user": 1, "content_type": 4, "object_id": "2", "object_repr": "tim", "action_flag": 2, "change_message": "[{\"changed\": {\"fields\": [\"Username\"]}}]"}}, {"model": "admin.logentry", "pk": 25, "fields": {"action_time": "2023-07-06T13:40:49.669Z", "user": 1, "content_type": 10, "object_id": "1", "object_repr": "gptMessage object (1)", "action_flag": 1, "change_message": "[{\"added\": {}}]"}}, {"model": "admin.logentry", "pk": 26, "fields": {"action_time": "2023-07-06T13:48:26.192Z", "user": 1, "content_type": 10, "object_id": "2", "object_repr": "gptMessage object (2)", "action_flag": 1, "change_message": "[{\"added\": {}}]"}}, {"model": "admin.logentry", "pk": 27, "fields": {"action_time": "2023-07-06T14:30:46.802Z", "user": 1, "content_type": 10, "object_id": "2", "object_repr": "gptMessage object (2)", "action_flag": 2, "change_message": "[{\"changed\": {\"fields\": [\"User\", \"Body\", \"Gptreply\"]}}]"}}, {"model": "admin.logentry", "pk": 28, "fields": {"action_time": "2023-07-07T14:32:21.842Z", "user": 1, "content_type": 10, "object_id": "11", "object_repr": "gptMessage object (11)", "action_flag": 3, "change_message": ""}}, {"model": "admin.logentry", "pk": 29, "fields": {"action_time": "2023-07-07T14:32:34.987Z", "user": 1, "content_type": 10, "object_id": "6", "object_repr": "gptMessage object (6)", "action_flag": 3, "change_message": ""}}, {"model": "admin.logentry", "pk": 30, "fields": {"action_time": "2023-07-07T14:41:29.090Z", "user": 1, "content_type": 10, "object_id": "4", "object_repr": "gptMessage object (4)", "action_flag": 3, "change_message": ""}}, {"model": "admin.logentry", "pk": 31, "fields": {"action_time": "2023-07-08T00:32:21.839Z", "user": 1, "content_type": 10, "object_id": "3", "object_repr": "gptMessage object (3)", "action_flag": 3, "change_message": ""}}, {"model": "admin.logentry", "pk": 32, "fields": {"action_time": "2023-07-08T00:32:22.004Z", "user": 1, "content_type": 10, "object_id": "2", "object_repr": "gptMessage object (2)", "action_flag": 3, "change_message": ""}}, {"model": "admin.logentry", "pk": 33, "fields": {"action_time": "2023-07-08T00:32:22.138Z", "user": 1, "content_type": 10, "object_id": "1", "object_repr": "gptMessage object (1)", "action_flag": 3, "change_message": ""}}, {"model": "admin.logentry", "pk": 34, "fields": {"action_time": "2023-07-08T00:32:53.346Z", "user": 1, "content_type": 10, "object_id": "8", "object_repr": "gptMessage object (8)", "action_flag": 3, "change_message": ""}}, {"model": "admin.logentry", "pk": 35, "fields": {"action_time": "2023-07-08T00:33:11.590Z", "user": 1, "content_type": 10, "object_id": "13", "object_repr": "gptMessage object (13)", "action_flag": 3, "change_message": ""}}, {"model": "admin.logentry", "pk": 36, "fields": {"action_time": "2023-07-08T00:33:11.772Z", "user": 1, "content_type": 10, "object_id": "12", "object_repr": "gptMessage object (12)", "action_flag": 3, "change_message": ""}}, {"model": "admin.logentry", "pk": 37, "fields": {"action_time": "2023-12-31T07:11:10.779Z", "user": 1, "content_type": 11, "object_id": "1", "object_repr": "youcheng", "action_flag": 1, "change_message": "[{\"added\": {}}]"}}, {"model": "auth.permission", "pk": 1, "fields": {"name": "Can add log entry", "content_type": 1, "codename": "add_logentry"}}, {"model": "auth.permission", "pk": 2, "fields": {"name": "Can change log entry", "content_type": 1, "codename": "change_logentry"}}, {"model": "auth.permission", "pk": 3, "fields": {"name": "Can delete log entry", "content_type": 1, "codename": "delete_logentry"}}, {"model": "auth.permission", "pk": 4, "fields": {"name": "Can view log entry", "content_type": 1, "codename": "view_logentry"}}, {"model": "auth.permission", "pk": 5, "fields": {"name": "Can add permission", "content_type": 2, "codename": "add_permission"}}, {"model": "auth.permission", "pk": 6, "fields": {"name": "Can change permission", "content_type": 2, "codename": "change_permission"}}, {"model": "auth.permission", "pk": 7, "fields": {"name": "Can delete permission", "content_type": 2, "codename": "delete_permission"}}, {"model": "auth.permission", "pk": 8, "fields": {"name": "Can view permission", "content_type": 2, "codename": "view_permission"}}, {"model": "auth.permission", "pk": 9, "fields": {"name": "Can add group", "content_type": 3, "codename": "add_group"}}, {"model": "auth.permission", "pk": 10, "fields": {"name": "Can change group", "content_type": 3, "codename": "change_group"}}, {"model": "auth.permission", "pk": 11, "fields": {"name": "Can delete group", "content_type": 3, "codename": "delete_group"}}, {"model": "auth.permission", "pk": 12, "fields": {"name": "Can view group", "content_type": 3, "codename": "view_group"}}, {"model": "auth.permission", "pk": 13, "fields": {"name": "Can add user", "content_type": 4, "codename": "add_user"}}, {"model": "auth.permission", "pk": 14, "fields": {"name": "Can change user", "content_type": 4, "codename": "change_user"}}, {"model": "auth.permission", "pk": 15, "fields": {"name": "Can delete user", "content_type": 4, "codename": "delete_user"}}, {"model": "auth.permission", "pk": 16, "fields": {"name": "Can view user", "content_type": 4, "codename": "view_user"}}, {"model": "auth.permission", "pk": 17, "fields": {"name": "Can add content type", "content_type": 5, "codename": "add_contenttype"}}, {"model": "auth.permission", "pk": 18, "fields": {"name": "Can change content type", "content_type": 5, "codename": "change_contenttype"}}, {"model": "auth.permission", "pk": 19, "fields": {"name": "Can delete content type", "content_type": 5, "codename": "delete_contenttype"}}, {"model": "auth.permission", "pk": 20, "fields": {"name": "Can view content type", "content_type": 5, "codename": "view_contenttype"}}, {"model": "auth.permission", "pk": 21, "fields": {"name": "Can add session", "content_type": 6, "codename": "add_session"}}, {"model": "auth.permission", "pk": 22, "fields": {"name": "Can change session", "content_type": 6, "codename": "change_session"}}, {"model": "auth.permission", "pk": 23, "fields": {"name": "Can delete session", "content_type": 6, "codename": "delete_session"}}, {"model": "auth.permission", "pk": 24, "fields": {"name": "Can view session", "content_type": 6, "codename": "view_session"}}, {"model": "auth.permission", "pk": 25, "fields": {"name": "Can add room", "content_type": 7, "codename": "add_room"}}, {"model": "auth.permission", "pk": 26, "fields": {"name": "Can change room", "content_type": 7, "codename": "change_room"}}, {"model": "auth.permission", "pk": 27, "fields": {"name": "Can delete room", "content_type": 7, "codename": "delete_room"}}, {"model": "auth.permission", "pk": 28, "fields": {"name": "Can view room", "content_type": 7, "codename": "view_room"}}, {"model": "auth.permission", "pk": 29, "fields": {"name": "Can add topic", "content_type": 8, "codename": "add_topic"}}, {"model": "auth.permission", "pk": 30, "fields": {"name": "Can change topic", "content_type": 8, "codename": "change_topic"}}, {"model": "auth.permission", "pk": 31, "fields": {"name": "Can delete topic", "content_type": 8, "codename": "delete_topic"}}, {"model": "auth.permission", "pk": 32, "fields": {"name": "Can view topic", "content_type": 8, "codename": "view_topic"}}, {"model": "auth.permission", "pk": 33, "fields": {"name": "Can add message", "content_type": 9, "codename": "add_message"}}, {"model": "auth.permission", "pk": 34, "fields": {"name": "Can change message", "content_type": 9, "codename": "change_message"}}, {"model": "auth.permission", "pk": 35, "fields": {"name": "Can delete message", "content_type": 9, "codename": "delete_message"}}, {"model": "auth.permission", "pk": 36, "fields": {"name": "Can view message", "content_type": 9, "codename": "view_message"}}, {"model": "auth.permission", "pk": 37, "fields": {"name": "Can add gpt message", "content_type": 10, "codename": "add_gptmessage"}}, {"model": "auth.permission", "pk": 38, "fields": {"name": "Can change gpt message", "content_type": 10, "codename": "change_gptmessage"}}, {"model": "auth.permission", "pk": 39, "fields": {"name": "Can delete gpt message", "content_type": 10, "codename": "delete_gptmessage"}}, {"model": "auth.permission", "pk": 40, "fields": {"name": "Can view gpt message", "content_type": 10, "codename": "view_gptmessage"}}, {"model": "auth.permission", "pk": 41, "fields": {"name": "Can add user profile", "content_type": 11, "codename": "add_userprofile"}}, {"model": "auth.permission", "pk": 42, "fields": {"name": "Can change user profile", "content_type": 11, "codename": "change_userprofile"}}, {"model": "auth.permission", "pk": 43, "fields": {"name": "Can delete user profile", "content_type": 11, "codename": "delete_userprofile"}}, {"model": "auth.permission", "pk": 44, "fields": {"name": "Can view user profile", "content_type": 11, "codename": "view_userprofile"}}, {"model": "auth.user", "pk": 1, "fields": {"password": "pbkdf2_sha256$600000$OLGoXQ28OCCERiqTundVmf$8upUKNtv9Ff3rZpNo5G4g/INtVfzLsfDt+7UmhsRwHE=", "last_login": "2023-12-31T08:12:07.563Z", "is_superuser": true, "username": "youcheng", "first_name": "", "last_name": "", "email": "yocheng265@gmail.com", "is_staff": true, "is_active": true, "date_joined": "2023-06-27T11:58:57.508Z", "groups": [], "user_permissions": []}}, {"model": "auth.user", "pk": 2, "fields": {"password": "pbkdf2_sha256$600000$bOaymUlZDo87zhtUaZwnXE$HFsEzJwsaSegBVJVvYrM2ZWza2vEJzU/vK9r69LYS2E=", "last_login": "2023-07-07T14:16:24.228Z", "is_superuser": false, "username": "timmy", "first_name": "", "last_name": "", "email": "timmy@gmail.com", "is_staff": false, "is_active": true, "date_joined": "2023-06-27T12:38:05Z", "groups": [], "user_permissions": []}}, {"model": "auth.user", "pk": 3, "fields": {"password": "pbkdf2_sha256$600000$w8wG7irUOeSv8Asf8OKZJZ$CtP2SqBvDhp7KSWLXZzda3RvTJgtUUHMAlWZ3YEnr8c=", "last_login": "2023-07-08T07:11:55.507Z", "is_superuser": false, "username": "erik", "first_name": "", "last_name": "", "email": "", "is_staff": false, "is_active": true, "date_joined": "2023-06-28T12:02:00.355Z", "groups": [], "user_permissions": []}}, {"model": "auth.user", "pk": 4, "fields": {"password": "pbkdf2_sha256$600000$bWuxKeGTUTraMAUnysrHNG$cIzD9ZimBk0QgE7a6vhd+LB38o9utEpembk8ZXctUGo=", "last_login": "2023-07-08T07:11:38.585Z", "is_superuser": false, "username": "tom", "first_name": "", "last_name": "", "email": "", "is_staff": false, "is_active": true, "date_joined": "2023-07-01T05:42:55.651Z", "groups": [], "user_permissions": []}}, {"model": "auth.user", "pk": 5, "fields": {"password": "pbkdf2_sha256$600000$tefw89gmY0iMpsAXVrf5Yk$znlOeBKtMdM4e71ZUd5sRECrFYmjJIBB8uDK112701U=", "last_login": "2023-07-02T03:30:20.020Z", "is_superuser": false, "username": "roger", "first_name": "", "last_name": "", "email": "", "is_staff": false, "is_active": true, "date_joined": "2023-07-02T03:30:19.126Z", "groups": [], "user_permissions": []}}, {"model": "auth.user", "pk": 6, "fields": {"password": "pbkdf2_sha256$600000$WQUIpDXscpNNZW7yZyjIKC$hClbnbMzsM+M4VSPyltJxwLNwCHTcUVkyYtquUXBVuI=", "last_login": "2023-12-31T08:03:13.128Z", "is_superuser": false, "username": "new", "first_name": "", "last_name": "", "email": "", "is_staff": false, "is_active": true, "date_joined": "2023-12-31T07:29:38.424Z", "groups": [], "user_permissions": []}}, {"model": "contenttypes.contenttype", "pk": 1, "fields": {"app_label": "admin", "model": "logentry"}}, {"model": "contenttypes.contenttype", "pk": 2, "fields": {"app_label": "auth", "model": "permission"}}, {"model": "contenttypes.contenttype", "pk": 3, "fields": {"app_label": "auth", "model": "group"}}, {"model": "contenttypes.contenttype", "pk": 4, "fields": {"app_label": "auth", "model": "user"}}, {"model": "contenttypes.contenttype", "pk": 5, "fields": {"app_label": "contenttypes", "model": "contenttype"}}, {"model": "contenttypes.contenttype", "pk": 6, "fields": {"app_label": "sessions", "model": "session"}}, {"model": "contenttypes.contenttype", "pk": 7, "fields": {"app_label": "base", "model": "room"}}, {"model": "contenttypes.contenttype", "pk": 8, "fields": {"app_label": "base", "model": "topic"}}, {"model": "contenttypes.contenttype", "pk": 9, "fields": {"app_label": "base", "model": "message"}}, {"model": "contenttypes.contenttype", "pk": 10, "fields": {"app_label": "base", "model": "gptmessage"}}, {"model": "contenttypes.contenttype", "pk": 11, "fields": {"app_label": "base", "model": "userprofile"}}, {"model": "sessions.session", "pk": "7f6pwpgc5v8iwubrcyowrnryzf71oy0k", "fields": {"session_data": ".eJxVjMsOwiAQRf-FtSEgj2Fcuu83EBhAqgaS0q6M_65NutDtPefcF_NhW6vfRl78nNiFSXb63WKgR247SPfQbp1Tb-syR74r_KCDTz3l5_Vw_w5qGPVbR0goLURjZCByNpUsEhYjQAs0KBxJpzUIzFkVjYqiPQcEpaIBIA3s_QHXhDcy:1qSWTl:Bo9FT089Tf8DoeCrqGCy7iacAWwQCCJjQrL2ujJWkyE", "expire_date": "2023-08-20T05:39:01.238Z"}}, {"model": "sessions.session", "pk": "gvxkg9hfg1w84fl26sxdyumvgf4xv754", "fields": {"session_data": ".eJxVjMsOwiAQRf-FtSEgj2Fcuu83EBhAqgaS0q6M_65NutDtPefcF_NhW6vfRl78nNiFSXb63WKgR247SPfQbp1Tb-syR74r_KCDTz3l5_Vw_w5qGPVbR0goLURjZCByNpUsEhYjQAs0KBxJpzUIzFkVjYqiPQcEpaIBIA3s_QHXhDcy:1rJqvX:mOoO6A8TVgojcNyAfv0n8v-rrhr3OljT-VJRsB_QZJU", "expire_date": "2024-01-14T08:12:07.588Z"}}, {"model": "sessions.session", "pk": "mt2a6n8r32oa4kvwv2hzboiiei806ob3", "fields": {"session_data": ".eJxVjMsOwiAQRf-FtSEgj2Fcuu83EBhAqgaS0q6M_65NutDtPefcF_NhW6vfRl78nNiFSXb63WKgR247SPfQbp1Tb-syR74r_KCDTz3l5_Vw_w5qGPVbR0goLURjZCByNpUsEhYjQAs0KBxJpzUIzFkVjYqiPQcEpaIBIA3s_QHXhDcy:1qI2XM:Fbhg-LgS7pNF3pZZU4zPjjw0_nTamWiUT_c5z3CKrQo", "expire_date": "2023-07-22T07:39:24.328Z"}}, {"model": "sessions.session", "pk": "ptcgolmsk4ytbhgqb7c7axy8fth0y9iv", "fields": {"session_data": ".eJxVjMsOwiAQRf-FtSEgj2Fcuu83EBhAqgaS0q6M_65NutDtPefcF_NhW6vfRl78nNiFSXb63WKgR247SPfQbp1Tb-syR74r_KCDTz3l5_Vw_w5qGPVbR0goLURjZCByNpUsEhYjQAs0KBxJpzUIzFkVjYqiPQcEpaIBIA3s_QHXhDcy:1qI2Xx:KKznKbaoTDvbwNAT-rowcBQahmPZRfEEDVPWGvQ2sME", "expire_date": "2023-07-22T07:40:01.569Z"}}, {"model": "sessions.session", "pk": "r9nx1ns8zxldy1huafo1kns3hxuwumwa", "fields": {"session_data": ".eJxVjEEOwiAQRe_C2pBAp9Bx6d4zkGEGpGpoUtqV8e5K0oVu_3vvv1SgfSthb2kNs6izGtTpd4vEj1Q7kDvV26J5qds6R90VfdCmr4uk5-Vw_w4KtfKtmW1kEhSYECRLgjglFGfc4NBZ73DM1Al7FLYZDGcBPxrwzJ6zen8AEQ448A:1qI26l:HHhoe8DvcN6F6sQN46gcUCRfqgC3VH-SGIfAzHNwwko", "expire_date": "2023-07-22T07:11:55.619Z"}}, {"model": "base.topic", "pk": 1, "fields": {"name": "chatgpt"}}, {"model": "base.topic", "pk": 2, "fields": {"name": "Repo"}}, {"model": "base.topic", "pk": 3, "fields": {"name": "Django"}}, {"model": "base.topic", "pk": 4, "fields": {"name": "aws"}}, {"model": "base.topic", "pk": 5, "fields": {"name": "Java"}}, {"model": "base.topic", "pk": 6, "fields": {"name": "python"}}, {"model": "base.room", "pk": 1, "fields": {"host": 1, "topic": 1, "name": "NLP", "description": "自然語言處理（Natural Language Processing，簡稱NLP）是人工智能的一個重要分支，它主要專注於讓計算機理解和處理人類語言的能力。NLP 結合了計算機科學、人工智能和語言學的知識，為創建可與人類自然語言進行交互的應用程序提供了理論基礎。\r\n\r\nNLP包括很多子領域，包括：\r\n\r\n語音識別（Speech Recognition）： 將語音轉換成文字。例如，Siri或Google Assistant接收語音指令並識別出文字就用到了這個技術。\r\n\r\n自然語言理解（Natural Language Understanding）： 理解和解釋人類語言的意義。這可能包括從文本中提取概念、情感分析等。\r\n\r\n自然語言生成（Natural Language Generation）： 從機器內部表達系統創建自然語言。例如，你問Siri天氣，它回答你的語句就是使用此技術生成的。\r\n\r\n機器翻譯（Machine Translation）： 將一種語言的文字或語音翻譯成另一種語言。例如Google翻譯。\r\n\r\n文本摘要（Text Summarization）： 自動生成文本的摘要或概要。\r\n\r\n問答系統（Question Answering）： 給定一個自然語言問題，系統能生成一個直接的回答。\r\n\r\n情感分析（Sentiment Analysis）： 識別並提取文本中的情感內容。", "updated": "2023-06-28T12:41:17.796Z", "created": "2023-06-27T12:02:00.226Z", "participants": [1, 2, 3, 4]}}, {"model": "base.room", "pk": 2, "fields": {"host": 1, "topic": 2, "name": "AI Psychology", "description": "人們透過情感支持建立彼此的關係。由朋友或家人提供的適當照顧可能對於幫助人們從負面的情緒狀態中解脫出來起到關鍵作用。在這項工作中，我們實施了一種可以向日常生活中面臨壓力狀況的人提供情感支持的會話機器人。該機器人系統從支持接受者的講話中提取有意義的關鍵字，以識別人們何時通過自我揭露暴露出他們的擔憂。然後利用這些關鍵字來確定接受者心中的潛在壓力源。", "updated": "2023-06-27T12:37:27.157Z", "created": "2023-06-27T12:03:42.964Z", "participants": [1, 2]}}, {"model": "base.room", "pk": 3, "fields": {"host": 1, "topic": 1, "name": "openai", "description": "OpenAI（開放人工智慧[6]）是美國一個人工智慧研究實驗室，由非營利組織OpenAI Inc，和其營利組織子公司OpenAI LP所組成。OpenAI 進行 AI 研究的目的是促進和發展友好的人工智慧，使人類整體受益。 OpenAI 系統運行在微軟基於 Azure 的超級計算平台上[7][8][9]。該組織於2015年由薩姆·阿爾特曼、里德·霍夫曼、Jessica Livingston、伊隆·馬斯克、伊爾亞·蘇茨克維、沃伊切赫·扎倫巴 (Wojciech Zaremba)、彼得·泰爾 等人[10][1][11]在舊金山成立，他們共同認捐了$10億美元。 微軟在2019年向 OpenAI LP 提供了$10億美元的投資，並在2023年1月向其提供了第二筆多年投資，據報導為$100億美元[12]， 用於獨家訪問GPT-4，這將為微軟自己的Bing Prometheus 模型提供支援[13]。", "updated": "2023-06-27T12:36:56.932Z", "created": "2023-06-27T12:04:17.843Z", "participants": []}}, {"model": "base.room", "pk": 4, "fields": {"host": 2, "topic": 1, "name": "wanna learn chatgpt", "description": "", "updated": "2023-06-27T13:00:59.464Z", "created": "2023-06-27T13:00:59.464Z", "participants": [3]}}, {"model": "base.room", "pk": 8, "fields": {"host": 1, "topic": 4, "name": "learn with me", "description": "", "updated": "2023-06-29T14:36:46.667Z", "created": "2023-06-29T13:49:25.884Z", "participants": []}}, {"model": "base.room", "pk": 11, "fields": {"host": 1, "topic": 4, "name": "let's learn aws now!", "description": "", "updated": "2023-06-29T14:31:05.566Z", "created": "2023-06-29T14:31:05.566Z", "participants": []}}, {"model": "base.room", "pk": 12, "fields": {"host": 1, "topic": 4, "name": "number3", "description": "", "updated": "2023-06-29T14:38:08.750Z", "created": "2023-06-29T14:38:08.750Z", "participants": []}}, {"model": "base.room", "pk": 13, "fields": {"host": 3, "topic": 3, "name": "First Django by erik", "description": "", "updated": "2023-06-29T14:39:31.008Z", "created": "2023-06-29T14:39:31.008Z", "participants": [2]}}, {"model": "base.room", "pk": 15, "fields": {"host": 1, "topic": 5, "name": "first java room(update)", "description": "updated", "updated": "2023-07-01T04:21:02.883Z", "created": "2023-07-01T04:12:47.128Z", "participants": [1, 2]}}, {"model": "base.room", "pk": 17, "fields": {"host": 4, "topic": 2, "name": "Discord-like website", "description": "How to build up a discord-like web.", "updated": "2023-07-02T02:16:18.089Z", "created": "2023-07-02T02:16:18.089Z", "participants": []}}, {"model": "base.room", "pk": 18, "fields": {"host": 3, "topic": 6, "name": "Python Basic", "description": "", "updated": "2023-07-08T07:31:50.029Z", "created": "2023-07-08T07:31:50.029Z", "participants": [3]}}, {"model": "base.message", "pk": 1, "fields": {"user": 2, "room": 1, "body": "hey", "updated": "2023-06-27T12:38:40.841Z", "created": "2023-06-27T12:38:40.841Z"}}, {"model": "base.message", "pk": 2, "fields": {"user": 1, "room": 1, "body": "hi", "updated": "2023-06-27T12:38:47.187Z", "created": "2023-06-27T12:38:47.187Z"}}, {"model": "base.message", "pk": 3, "fields": {"user": 3, "room": 1, "body": "what's up", "updated": "2023-06-28T12:22:35.634Z", "created": "2023-06-28T12:22:35.634Z"}}, {"model": "base.message", "pk": 5, "fields": {"user": 3, "room": 1, "body": "!", "updated": "2023-06-28T13:11:08.615Z", "created": "2023-06-28T13:11:08.615Z"}}, {"model": "base.message", "pk": 6, "fields": {"user": 3, "room": 4, "body": "heyyy", "updated": "2023-06-28T13:11:26.311Z", "created": "2023-06-28T13:11:26.311Z"}}, {"model": "base.message", "pk": 7, "fields": {"user": 2, "room": 13, "body": "hi, django conversation", "updated": "2023-06-30T18:00:52.316Z", "created": "2023-06-30T18:00:52.316Z"}}, {"model": "base.message", "pk": 8, "fields": {"user": 2, "room": 2, "body": "great viewpoint", "updated": "2023-06-30T18:01:52.723Z", "created": "2023-06-30T18:01:52.723Z"}}, {"model": "base.message", "pk": 11, "fields": {"user": 4, "room": 1, "body": "abccc", "updated": "2023-07-02T02:25:49.112Z", "created": "2023-07-02T02:25:49.112Z"}}, {"model": "base.message", "pk": 12, "fields": {"user": 1, "room": 15, "body": "yoo", "updated": "2023-07-02T12:19:11.352Z", "created": "2023-07-02T12:19:11.353Z"}}, {"model": "base.message", "pk": 13, "fields": {"user": 1, "room": 1, "body": "what'snext", "updated": "2023-07-07T17:08:28.449Z", "created": "2023-07-07T17:08:28.449Z"}}, {"model": "base.message", "pk": 14, "fields": {"user": 3, "room": 18, "body": "print(Hello World'')", "updated": "2023-07-08T07:32:08.788Z", "created": "2023-07-08T07:32:08.788Z"}}, {"model": "base.message", "pk": 15, "fields": {"user": 1, "room": 2, "body": "new entry！", "updated": "2023-07-08T07:40:50.836Z", "created": "2023-07-08T07:40:50.836Z"}}, {"model": "base.gptmessage", "pk": 9, "fields": {"user": 2, "body": "你是誰", "gptreply": "我是一個AI情感支持機器人，設計用來提供心理支持和建議。我沒有真實的身份，但我可以和您一起討論您的問題和困擾。有什麼我能幫助您的嗎？", "updated": "2023-07-07T14:16:34.747Z", "created": "2023-07-07T14:16:34.747Z"}}, {"model": "base.gptmessage", "pk": 10, "fields": {"user": 2, "body": "我英文作業不會寫", "gptreply": "我明白您對英文作業感到困惑。學習一門新語言確實需要時間和努力，但別擔心，我們可以找到一些方法來幫助您。\n\n首先，嘗試確定您在哪個部分遇到困難。是文法、寫作、閱讀、口說還是聽力理解？一旦您知道您的具體問題，就可以更有針對性地尋找幫助。\n\n其次，請問您有教材或學習資源嗎？如果有，您可以試著閱讀範例或指南，並嘗試跟著做練習。如果缺乏教材，您可以尋找線上資源，像是線上教學影片、網路課程或免費教材來協助您學習。\n\n另外，參加英文學習小組或找一個學習夥伴也是一個有效的學習方式。透過與其他人交談，您可以練習口說和聽力理解技巧，同時也能分享知識和互相鼓勵。\n\n最重要的是，保持積極的態度和持之以恆的努力。學習一門新語言是一個漫長的過程，但每一次的努力都將使您進步一步。請記住，每個人都有自己的學習節奏，別讓自己感到沮喪或灰心，因為您正在為自己的成長而努力。\n\n希望這些建議對您有幫助！如果您有任何特定的問題，請隨時告訴我。", "updated": "2023-07-07T14:17:02.137Z", "created": "2023-07-07T14:17:02.137Z"}}, {"model": "base.gptmessage", "pk": 17, "fields": {"user": 4, "body": "你能夠提供python教學嗎", "gptreply": "當然可以！我可以幫助你學習Python，不過在這個平台上，我無法提供真實的課程或教材，但我可以回答你的問題，提供一些基本的指引和相關的資源。\n\n首先，你可以開始從安裝Python開發環境開始。你可以在Python官網上下載並安裝最新版本的Python。安裝完畢後，你就能夠在終端（命令提示符）或者專用的Python集成開發環境（例如Anaconda、PyCharm）中執行Python代碼。\n\n學習Python的過程中，可以先從基礎知識開始，例如了解基本的語法、變量、數據類型和運算符。接著，你可以學習控制流程，如if語句、for迴圈和while迴圈。這些概念對於理解和寫出Python程序至關重要。\n\n除此之外，還可以了解函數、列表、字典、模組和文件處理等更高級的主題。掌握這些概念，將能夠更有效率地開發Python應用。\n\n作為初學者，線上教程、網上資源和課程都是非常有價值的學習資源。你可以尋找一些免費的教學網站、教程或者網上課程來學習。\n\n希望這些提示能夠對你有所幫助！如果你有任何具體的問題，我會非常樂意繼續協助你。", "updated": "2023-07-08T07:10:12.465Z", "created": "2023-07-08T07:10:12.465Z"}}, {"model": "base.userprofile", "pk": 1, "fields": {"user": 1, "openai_api_key": "345"}}, {"model": "base.userprofile", "pk": 2, "fields": {"user": 6, "openai_api_key": null}}]
